{
  "urls": [
    "sounds.webm",
    "sounds.mp3"
  ],
  "sprite": {
    "bubos_atmosphere": [
      0,
      122932.24489795919
    ],
    "LF_correct": [
      124000,
      2000
    ],
    "LF_incorrect": [
      127000,
      2000
    ],
    "bubos_170bpm": [
      130000,
      67422.04081632652
    ],
    "sad_bubos": [
      199000,
      70661.22448979593
    ],
    "bubos_theme": [
      271000,
      88685.71428571432
    ],
    "bubos_tropics": [
      361000,
      32052.24489795921
    ],
    "win_sound": [
      395000,
      3008.480725623599
    ],
    "wormhole_FX": [
      400000,
      204.17233560090153
    ],
    "bubos_doodle": [
      402000,
      60055.51020408166
    ]
  }
}