{
  "urls": [
    "sounds.webm",
    "sounds.mp3"
  ],
  "sprite": {
    "bubos_atmosphere": [
      0,
      122932.24489795919
    ],
    "LF_correct": [
      124000,
      2063.6734693877515
    ],
    "LF_incorrect": [
      128000,
      2063.6734693877656
    ],
    "bubos_170bpm": [
      132000,
      67422.04081632652
    ],
    "sad_bubos": [
      201000,
      70661.22448979593
    ],
    "bubos_theme": [
      273000,
      88685.71428571432
    ],
    "bubos_tropics": [
      363000,
      32052.24489795921
    ],
    "win_sound": [
      397000,
      4519.183673469399
    ],
    "wormhole_FX": [
      403000,
      204.17233560090153
    ],
    "bubos_doodle": [
      405000,
      60055.51020408166
    ]
  }
}