{
  "urls": [
    "sounds.webm",
    "sounds.mp3"
  ],
  "sprite": {
    "bubos_atmosphere": [
      0,
      122932.24489795919
    ],
    "LF_correct": [
      124000,
      2000
    ],
    "LF_incorrect": [
      127000,
      2000
    ],
    "bubos_170bpm": [
      130000,
      67422.04081632652
    ]
  }
}