{
  "urls": [
    "sounds.webm",
    "sounds.mp3"
  ],
  "sprite": {
    "bubos_atmosphere": [
      0,
      122932.24489795919
    ],
    "LF_correct": [
      124000,
      2000
    ],
    "LF_incorrect": [
      127000,
      2000
    ],
    "sad_bubos": [
      130000,
      70661.22448979593
    ],
    "bubos_theme": [
      202000,
      88685.71428571432
    ],
    "bubos_tropics": [
      292000,
      32052.24489795921
    ],
    "win_sound": [
      326000,
      3008.480725623599
    ]
  }
}