{
  "urls": [
    "effects.webm",
    "effects.mp3"
  ],
  "sprite": {
    "LF_correct": [
      0,
      2063.673469387755
    ],
    "LF_incorrect": [
      4000,
      2063.673469387755
    ],
    "win_sound": [
      8000,
      4519.183673469389
    ],
    "wormhole_fx": [
      14000,
      204.17233560090688
    ]
  }
}